time;MarchSept;Arctic_Temp_Anomalies;AMOC_Caesar;SI_Conc;AMOC_era5;AMOC_hadcrut5;AMOC_hadsst4;AMOC_cobe;AMOC_ersst;SI_Conc_0;SI_Conc_50;SI_Conc_75;SI_Conc_90
01.01.1993;1;-4.2238617;-0.837152;-101.3155398;-0.657371215;-0.749609415;-0.006027826;-0.426075678;-0.597996726;-14.50198442;-79.02475965;-87.71150542;-29.08120483
01.02.1993;1;-1.9308777;-0.47061163;-152.1506091;-0.340607888;-0.691837783;-0.033865448;-0.298277905;-0.446726918;-18.13382092;-152.3171539;-115.7577737;-37.34440499
01.03.1993;0;-4.2748413;-0.44605386;-151.4907186;-0.301582903;-0.933573716;-0.414964246;-0.409253756;-0.477623984;-58.25113681;-149.8196649;-120.5455404;-37.74810161
01.04.1993;0;-1.0591431;-0.47516882;-133.662981;-0.332974681;-0.625105238;-0.238877832;-0.527961484;-0.488659961;-49.59349981;-104.0294074;-102.4206199;-29.52180355
01.05.1993;0;-0.52389526;-0.6323365;-16.04493778;-0.571754774;-0.423816952;-0.457443316;-0.505389686;-0.468063956;45.17588624;17.93587698;-21.812696;-13.81442359
01.06.1993;0;-0.032562256;-0.406831;173.1410161;-0.365722189;-0.28488079;-0.581172659;-0.482583024;-0.576265967;163.7764222;162.8004429;163.4119271;72.93921483
01.07.1993;0;-0.09439087;-0.31413376;217.3193384;-0.311032061;-0.286419777;-0.203846235;-0.34872155;-0.327830235;216.9584894;217.5236499;158.3971461;-27.95308906
01.08.1993;0;-0.34509277;-0.16799511;-8.324929036;-0.100472378;0.170473393;-0.023754741;-0.05063109;-0.062999446;-19.4359084;10.93539332;-27.31868975;-44.87691831
01.09.1993;0;-1.6730042;-0.18454795;-120.2960521;-0.065786928;0.3267516;0.035354981;-0.003914185;-0.066791176;-56.36499579;-48.42840815;-113.3195567;-42.29021847
01.10.1993;1;-3.8203735;-0.21547005;185.8665054;-0.112309282;0.209219563;0.231238794;0.070384393;0.044301704;221.3552156;230.6801079;103.9954609;-28.11191491
01.11.1993;1;-3.23909;-0.37847754;557.994489;-0.232373707;-0.112647505;-0.177814075;-0.187595691;-0.186324906;504.4573195;521.1954216;551.4060018;342.6475878
01.12.1993;1;-4.126007;-0.5584651;172.0199368;-0.435345613;-0.110029369;-0.34662656;-0.357379755;-0.46216453;124.5556561;143.5270124;149.5748244;104.9305708
01.01.1994;1;-2.403183;-0.7116535;-27.82864994;-0.528358512;-0.357647439;-0.520390182;-0.347518373;-0.31745383;-9.625967363;16.62870033;-56.34608953;-24.75520422
01.02.1994;1;-2.1259918;-0.67050576;-101.4682627;-0.512742332;-0.103835904;-0.250774131;-0.354455998;-0.383420279;-74.65899936;-50.55406913;-95.76817217;-34.81286233
01.03.1994;0;-2.9452362;-0.40891355;-130.206253;-0.242024136;-0.341793282;-0.300981552;-0.324906063;-0.396384809;-167.7181393;-123.1837034;-110.7535929;-36.41775015
01.04.1994;0;-1.9974823;-0.48372445;-163.893609;-0.363107454;-0.535947734;-0.605448578;-0.398425474;-0.505027678;-189.4381803;-173.808252;-112.4721102;-33.34582327
01.05.1994;0;-1.8161316;-0.34191585;-57.67821799;-0.273261256;-0.070370903;0.359342361;-0.409398839;-0.578296723;-43.51302903;-43.19353364;-51.91965721;-21.58845222
01.06.1994;0;-0.459198;-0.43978107;114.4007937;-0.457413816;-0.844933585;-0.330387392;-0.526955763;-0.596530063;3.796391578;48.5385571;124.7418575;83.15095546
01.07.1994;0;-0.78964233;-1.011487;210.2895781;-1.028110573;-0.721417762;-0.80044709;-0.924932622;-1.105601772;35.23210615;105.1438642;210.8067536;167.8870277
01.08.1994;0;-1.284729;-0.8468487;-188.1543372;-0.762817782;-0.515931747;-0.772321447;-0.765126404;-0.872981528;-259.4739112;-224.1156342;-115.2502981;-25.59840936
01.09.1994;0;-2.8529053;-0.36582488;-224.7420546;-0.28698723;-0.418062939;-0.390643947;-0.3717477;-0.381987024;-146.426517;-166.3045574;-159.0024177;-40.42225266
01.10.1994;1;-2.6903992;0.19700474;6.235406275;0.260164984;0.251592755;0.524635241;0.306678321;0.401882891;22.80808352;29.46362222;-3.69502391;-28.44194183
01.11.1994;1;-4.714813;-0.016772836;157.7677724;0.12755978;0.034445607;0.051090598;0.071116914;0.013254776;155.5294221;171.7563153;85.52123994;-2.743403274
01.12.1994;1;-4.240753;-0.4003454;109.9984339;-0.250359318;-0.293589316;-0.482151953;-0.33139047;-0.430457967;52.95195213;75.95121981;95.33084182;71.5766018
01.01.1995;1;-2.9331055;-0.46021834;-91.81732928;-0.263248108;-0.301142119;-0.146879072;-0.293240929;-0.335974762;-160.5861479;-131.3860783;-75.63476768;-25.8075017
01.02.1995;1;-0.0410614;-0.6216217;-162.7144556;-0.429467081;-1.229866646;-0.676468345;-0.406785823;-0.49958426;-279.3771942;-244.4680539;-104.0233386;-33.38276854
01.03.1995;0;-2.3841705;-0.48046955;-185.6698179;-0.313190921;-0.761982408;-0.487576864;-0.387939584;-0.594218996;-332.9796978;-290.6296859;-117.5053715;-34.60986404
01.04.1995;0;1.7492371;-0.34578496;-346.4053061;-0.212460881;-0.448237447;-0.180075325;-0.068999471;0.06870873;-546.3084793;-509.569793;-223.4633181;-65.77940762
01.05.1995;0;-0.36849976;0.12026505;-257.0700306;0.223375706;0.470454081;0.36100873;0.403478033;0.392086551;-396.5559658;-364.9993435;-174.6117212;-41.81751668
01.06.1995;0;-0.26556396;0.5753572;-91.03205608;0.621531236;0.328546909;0.28594826;0.57864681;0.591643663;-190.9593207;-158.6231703;-38.60456622;1.383957047
01.07.1995;0;-0.07382202;0.08345941;-137.7278973;0.092015566;-0.139921909;-0.018566412;0.144245151;0.044240777;-213.1357782;-213.352537;-65.88917471;-21.83905548
01.08.1995;0;-0.4151001;-0.16800094;-209.3127991;-0.059178558;-0.17992117;-0.113094116;-0.039724766;-0.093751522;-256.4315539;-256.6576097;-134.1672658;-40.62891078
01.09.1995;0;-0.3986206;0.051670752;-199.6905696;0.149217486;0.084148502;0.089220849;0.068814136;-0.036605637;-181.9326253;-201.213118;-145.5694096;-37.86253189
01.10.1995;1;-0.6328125;-0.09233311;-16.46320472;-0.020989118;-0.251626866;-0.135044525;-0.154938843;-0.225441344;-86.60182487;-67.14186314;-8.596745063;-32.39335168
01.11.1995;1;-1.1203613;0.06869861;196.8672206;0.190356394;0.027573018;0.131558249;0.080418087;0.03967288;196.9206809;202.7799218;150.0641623;50.65843111
01.12.1995;1;-2.9031372;0.05961751;122.0875034;0.197092346;0.33345647;0.143053637;0.255596844;0.161185217;162.7607491;161.1750233;99.87891177;92.05371388
01.01.1996;1;-1.7286224;0.08703238;-61.02038136;0.280762746;0.377003579;0.329612471;0.260735536;0.239629079;-13.6341503;-14.59358485;-57.96261602;-20.38619427
01.02.1996;1;-1.6100464;0.034297865;-71.8844273;0.204816666;0.126638191;0.047890681;0.098279948;0.188438486;20.66888773;-3.3684992;-84.28986722;-31.91779267
01.03.1996;0;-1.0118713;0.18598634;-126.2182731;0.350404099;0.300740333;0.058809697;0.124007044;0.133642991;-89.66592494;-108.7596934;-100.2107459;-30.34681636
01.04.1996;0;-0.43701172;0.37038136;-106.3950641;0.511404908;0.619436449;0.478946518;0.360696079;0.403474755;-81.41600329;-79.9946836;-89.21576775;-26.19067567
01.05.1996;0;-1.0775757;0.48113498;-36.97763956;0.543353778;0.665044269;0.413935174;0.42555474;0.440333351;55.98802729;25.64508516;-33.0365721;0.220536407
01.06.1996;0;-0.8126221;0.15539509;276.5978187;0.182081017;0.237046726;-0.010230945;0.051211852;-0.054444857;244.3878955;283.5307787;237.8004772;118.8621421
01.07.1996;0;-0.51449585;0.33331165;435.7608544;0.300511246;0.109600385;0.343179837;0.288532016;0.208990418;348.9996236;419.5479362;384.2261853;164.4671656
01.08.1996;0;-1.0013428;0.05664733;58.17091852;0.095270774;-0.090512639;0.210855681;0.276205725;0.158380668;-41.55254121;43.409042;20.41590871;-20.83988413
01.09.1996;0;-2.7764282;0.33343196;9.374159873;0.417147425;0.547151853;0.369412663;0.396433469;0.369705752;-38.35139431;-12.81221166;-29.2754969;-29.92736926
01.10.1996;1;-4.125;0.056016248;255.0053691;0.140808441;0.488328975;0.264623763;0.294507732;0.301663518;250.1056977;257.2235437;195.8268319;-3.870090444
01.11.1996;1;0.874115;0.16000408;-3.359476319;0.253813013;0.142705978;0.414656662;0.316024751;0.274772879;-75.71851011;-58.82042791;22.85970844;4.902662258
01.12.1996;1;-2.3860016;0.37214887;-13.47325307;0.459466674;0.547895949;0.39429378;0.364974872;0.42399278;103.1834784;30.06222869;-10.97213021;15.35236408
01.01.1997;1;-3.7935028;0.520622;-81.5111706;0.69830759;1.042264005;0.604453499;0.54033865;0.666391315;180.2866984;10.27766703;-83.96414021;-30.76251999
01.02.1997;1;-2.4188843;0.1881465;-45.62836199;0.346171894;0.448586333;0.376293688;0.335492573;0.470095734;187.0750824;74.40827959;-66.71757089;-26.67159099
01.03.1997;0;1.4348755;-0.059899583;-95.2661185;0.114774914;-0.085391292;0.1353279;0.132365365;0.263684186;41.01194346;-14.5738732;-90.96343714;-28.36525952
01.04.1997;0;-1.5614014;0.39218357;-66.38742098;0.546118661;0.442593252;0.593970749;0.491588467;0.664910333;112.0687561;53.85475384;-69.41212513;-24.99640005
01.05.1997;0;-0.7849121;0.45822528;-39.19235955;0.578097632;0.726045942;0.52788683;0.445293789;0.417410271;33.33330172;13.42650676;-41.710005;-9.817620301
01.06.1997;0;-0.055511475;0.4594065;130.600029;0.497278215;0.273205751;0.288127746;0.424080071;0.322193802;108.1904503;117.5278571;127.1444393;67.35858616
01.07.1997;0;-0.28085327;0.678675;198.1587642;0.71233178;1.031269623;0.618253042;0.61550954;0.679138268;151.8965197;151.8420307;197.7227268;78.45248893
01.08.1997;0;-1.0432129;0.15200296;-155.4326042;0.264102041;0.525497474;0.254323416;0.317091024;0.302808165;-164.7074116;-176.4427115;-120.2673619;-30.03342489
01.09.1997;0;-0.92770386;0.15299316;-137.7805946;0.268111485;0.634943668;0.411716089;0.429397079;0.330514287;-29.53354322;-71.06716249;-108.368703;-29.13967121
01.10.1997;1;-1.3542786;0.60201716;63.0244542;0.739852687;0.820794917;0.706274691;0.732700236;0.712349916;81.90663984;86.23482685;37.83604716;-20.19889816
01.11.1997;1;-1.1942444;0.6226798;326.4072054;0.85018103;0.543707935;0.607783851;0.657181149;0.604637241;354.6544071;363.6637966;256.0630521;88.62331309
01.12.1997;1;-3.2895355;0.23491375;111.6456982;0.494737464;0.993312036;0.603009399;0.463180105;0.480331574;238.9048908;200.628473;65.62815202;52.16987683
01.01.1998;1;-1.2403259;0.01343146;7.917432045;0.294749129;0.413047514;0.195881889;0.144967151;0.238684653;168.0130312;91.43116875;-26.78004911;-15.70072326
01.02.1998;1;-3.8757477;0.0911511;-15.81807787;0.326380419;0.17263529;0.009106835;0.156867793;0.102483006;228.938939;139.2790915;-53.94267189;-25.47255374
01.03.1998;0;-0.8941345;0.17184584;-59.49675498;0.392180432;0.169914056;0.083092905;0.246599876;0.327116123;168.060773;69.39325827;-70.24237482;-25.12025212
01.04.1998;0;-0.82733154;0.091573164;-44.3181683;0.297946073;0.550027579;0.32602739;0.245015078;0.32605478;149.6811266;61.40514086;-62.86563721;-25.28054502
01.05.1998;0;-1.6728516;0.3130002;16.69352514;0.446030786;0.335481558;0.238385663;0.341967839;0.424298652;216.5978821;138.5837199;-22.46021536;-20.78958794
01.06.1998;0;0.20358276;0.61223197;48.11187053;0.681482756;0.301499733;0.704068403;0.660415844;0.737719677;185.3344483;147.514502;-9.271182272;-71.68792426
01.07.1998;0;0.19573975;0.9129182;178.1840971;0.945297067;0.702313404;0.697806395;0.876427251;1.017199441;201.7461959;211.795694;83.99634081;-105.0872752
01.08.1998;0;0.13504028;0.91772115;55.20092721;0.970537667;0.80497882;0.849577697;0.940615671;1.029761067;59.18377452;93.18049849;12.79819362;-12.99171873
01.09.1998;0;0.07833862;0.5591999;-13.52432528;0.656734769;0.937876796;0.806183086;0.68127126;0.764581577;56.72236571;65.64270749;-76.51184787;-26.21845296
01.10.1998;1;-1.9199524;0.799466;284.0638663;0.878603247;1.066033215;0.828155398;0.79077579;0.920087029;323.658603;329.0486323;149.9258069;6.248606534
01.11.1998;1;0.40960693;0.5082593;26.19887638;0.601986099;0.44747041;0.540197302;0.554588885;0.706568912;39.61236223;58.35576795;-7.784950515;-76.83991055
01.12.1998;1;-1.5484314;0.37304646;-171.6409875;0.492472394;0.538729355;0.386479933;0.408584286;0.48048451;-165.263853;-144.4739829;-187.9734979;-178.9068946
01.01.1999;1;-2.363037;0.20804745;0.012574;0.354939439;0.284642703;0.033337809;0.084600712;0.144132498;54.68238019;69.12082242;-36.29871958;-19.82346301
01.02.1999;1;-2.1756134;0.23066518;-44.33843904;0.354875241;0.301741583;0.322418508;0.285414336;0.358593661;4.018324384;-8.384524937;-55.55461395;-25.08485103
01.03.1999;0;-0.77589417;0.385336;-116.3474129;0.525091876;0.81876987;0.25255434;0.278004859;0.353457334;-102.3296291;-129.5009139;-82.64866938;-26.51933039
01.04.1999;0;-1.9798126;0.49078178;-84.60331055;0.599162709;1.165709236;0.392647476;0.40560836;0.46919238;-4.79751347;-61.25665166;-63.80812199;-25.72512528
01.05.1999;0;-0.5782776;0.39203292;52.77629804;0.432588963;0.5580309;0.414089489;0.319942457;0.402610435;208.2495082;125.6714057;34.75966471;-5.677634248
01.06.1999;0;-1.1273193;0.28262427;62.58256066;0.187368844;0.226221068;0.361009063;0.228949438;0.364956451;84.9549794;73.59464622;33.50492895;-93.79754359
01.07.1999;0;-0.13302612;0.16888808;160.4646201;0.045134313;0.128343082;0.036621624;0.064116578;0.160622344;137.4286853;148.8702907;107.2335384;-93.87062021
01.08.1999;0;0.029296875;0.37304935;184.9666413;0.326295171;0.311072799;0.377986578;0.379964778;0.446072792;222.2385439;182.2672523;130.2287467;8.920241946
01.09.1999;0;-0.8862915;0.025165215;-74.99975599;-0.030773398;-0.003308346;-0.145731993;-0.039635436;-0.054192363;-81.10133834;-103.4866391;-59.53773293;-23.55866267
01.10.1999;1;-1.8504944;0.06351059;207.0330346;0.046131972;0.210134765;0.135671926;0.117263636;0.027607107;241.4157656;243.1458692;127.5310957;-6.735824236
01.11.1999;1;-1.3619385;0.08765895;194.7960589;0.118200364;0.083144;0.217029646;0.227888022;0.249885932;138.1054324;151.9492301;198.7134905;33.68575866
01.12.1999;1;-0.74002075;0.25261223;-89.42803605;0.292635682;0.639437463;0.242481081;0.377792061;0.263612664;-172.3563514;-149.1132115;-72.05211892;-72.01961679
01.01.2000;1;-1.0047455;0.10996928;-14.61575553;0.220146784;0.612808247;0.18920343;0.222615746;0.099189811;-102.0200048;-67.56846855;-28.47491188;-11.02287825
01.02.2000;1;-0.54763794;0.14461482;-54.19930371;0.244538775;0.170118815;0.222266673;0.211738959;0.250573732;-153.3172893;-117.1329345;-56.04456404;-20.27570538
01.03.2000;0;0.22416687;0.30171305;-106.903701;0.408462844;0.54207277;0.434174644;0.295767435;0.385426732;-177.0961396;-142.4641593;-87.07095962;-26.63405501
01.04.2000;0;-0.7427063;0.20475748;-65.33222566;0.32551451;0.445809953;0.428611888;0.282195144;0.382015284;-134.9539047;-108.0151821;-56.37468448;-19.18223826
01.05.2000;0;-1.010315;0.20130077;2.501538161;0.21769728;0.407785716;0.229712792;0.209321071;0.19332739;-75.48304037;-42.73968973;-3.355479561;-10.82921827
01.06.2000;0;-0.4072876;0.05153377;83.53136186;-0.046063665;-0.293260703;-0.020498206;-0.124337055;-0.225646897;15.99860612;48.98812785;71.01619806;7.114278998
01.07.2000;0;-0.07192993;0.43406904;66.3686407;0.303989176;0.362080231;0.368119743;0.364268114;0.408559136;51.01802184;76.06698437;41.92511686;29.58115182
01.08.2000;0;-0.17385864;0.39964274;-147.2157188;0.3219931;0.550403234;0.397993632;0.497975093;0.465106233;-202.2308388;-154.0006533;-99.67458056;-15.93312436
01.09.2000;0;-1.392273;0.3469144;-157.2234696;0.325802813;0.594991233;0.337144653;0.39761709;0.444935798;-97.19386362;-110.6763968;-96.79245505;-23.29605923
01.10.2000;1;-1.3898926;-0.092034444;-127.2904108;-0.129541043;0.134622537;-0.219068952;-0.101877425;-0.08396528;-112.4152628;-105.067371;-89.4728672;-18.92228549
01.11.2000;1;-2.0747375;0.08301513;-94.27450509;0.076958173;0.267504969;0.124144402;0.04450559;0.126263869;-162.0100144;-140.4247271;-51.28416517;-23.12118985
01.12.2000;1;-0.12950134;0.07025019;-46.43042835;0.114484893;0.393284339;0.187523414;0.11811772;0.18718187;-96.14090022;-77.90050837;-3.515632235;20.64566917
01.01.2001;1;-0.44830322;0.15211937;-45.92852928;0.271615221;0.291542468;0.107896851;0.134891778;0.156126941;-27.94442268;-24.6978183;-30.53613341;-8.327775936
01.02.2001;1;0.16317749;0.15570277;-41.72649317;0.258015801;0.19771477;0.646367359;0.201906754;0.24495147;14.65273386;11.28509759;-36.85350073;-15.91230202
01.03.2001;0;-1.9963989;0.36294913;-40.87804594;0.515393391;0.711807942;0.439797516;0.339171087;0.348106999;31.34059767;31.63917648;-46.43762915;-21.24486822
01.04.2001;0;-2.5783386;0.27904457;7.885688271;0.413935276;0.656748269;0.387378835;0.32525464;0.415700829;107.037847;111.6477747;-25.7089367;-15.45446124
01.05.2001;0;-1.654602;0.42293084;20.12038628;0.471226445;0.384959976;0.424908885;0.312389808;0.429516408;26.81782058;32.001729;-9.904246156;-21.32122001
01.06.2001;0;-0.48077393;0.74813116;-72.50001976;0.748747927;0.635973344;0.708585567;0.676329386;0.711864183;-149.7038566;-108.4620956;-78.74657355;-96.90437591
01.07.2001;0;-0.15054321;0.55994844;-209.1452418;0.541694027;0.345973492;0.52178059;0.543535927;0.49616616;-296.8344548;-250.5001667;-180.5088662;-132.2620202
01.08.2001;0;-0.43389893;0.62756133;-165.6922305;0.63083707;0.645921821;0.566519384;0.440611486;0.589326861;-261.1884294;-224.9007857;-98.75088901;-23.25996303
01.09.2001;0;-0.5022278;0.75092614;-160.3020617;0.736982763;0.684107409;0.798602329;0.516571324;0.700091865;-317.7981451;-274.6237494;-83.94676596;-20.14261209
01.10.2001;1;-1.1056519;0.44741395;-218.3559609;0.485581788;0.732939258;0.560047463;0.354313671;0.43971009;-294.3313587;-273.8779072;-142.5601566;-24.11385512
01.11.2001;1;-0.58099365;0.53379774;66.42076052;0.604946245;0.330922809;0.517616999;0.477486876;0.612433925;40.15409909;49.96169273;57.55658234;-10.06198362
01.12.2001;1;0.92051697;0.50923955;-171.4803442;0.579346532;0.431193937;0.665847443;0.461504127;0.703151389;-233.4208058;-216.6215967;-137.2013558;-60.24345617
01.01.2002;1;-0.95487976;0.45953798;-9.190826889;0.596941172;0.533007993;0.472029403;0.493299895;0.492145754;-21.7882475;-5.936252008;-32.90407228;-17.07399642
01.02.2002;1;-3.148407;0.26136267;-3.95286322;0.408409972;0.309143143;0.359868428;0.24811221;0.217939182;13.67751504;26.22512104;-26.75223842;-13.6765411
01.03.2002;0;1.1814575;0.087677866;-22.83960552;0.260179047;-0.317344237;0.276587167;0.186192283;0.267378407;26.66730502;33.52643161;-35.97169012;-14.26990693
01.04.2002;0;-2.625351;0.053248074;-25.14910153;0.181923361;0.091895661;0.05671055;0.050669812;0.033480695;-75.9171338;-51.595967;-24.8319127;-14.43615346
01.05.2002;0;-0.030151367;-0.14601532;61.66019305;-0.055900944;-0.12335908;-0.006610078;-0.073962642;-0.034224273;54.04871959;60.49222532;33.58413568;6.115452165
01.06.2002;0;0.42211914;-0.577983;158.9459207;-0.541276743;-0.113655023;-0.073782548;-0.273235439;-0.252709268;153.9163525;148.976676;129.3589179;69.00404495
01.07.2002;0;-0.02407837;-0.15471157;128.736452;-0.199075643;-0.476084449;-0.122475247;-0.187128421;-0.157427601;63.43047117;84.84732899;100.2595432;60.40461623
01.08.2002;0;0.08068848;0.29354775;-73.74359642;0.256778609;-0.000678151;0.138822749;0.208321142;0.154905198;-107.4380347;-109.3153901;-65.42882372;-23.05284471
01.09.2002;0;-0.5048828;0.11623663;-67.48067571;0.083918166;0.080349734;0.111738759;0.09480089;0.117941345;-34.62133647;-61.17314278;-67.52714606;-17.90896303
01.10.2002;1;0.43222046;0.03931588;69.37425187;0.04372538;-0.0355272;0.320719578;0.148298798;0.183805286;46.5069886;54.92397568;19.37089736;-25.07597785
01.11.2002;1;-0.50619507;-0.020351097;14.59265701;0.020658696;0.20548237;0.235032864;0.012166686;0.013822634;2.522125895;12.71269781;10.3174449;36.14275043
01.12.2002;1;0.78855896;0.008607447;58.9496698;0.080332679;0.654495776;0.196767665;0.131008111;0.050975773;70.32951627;81.49207808;51.86933981;40.89291892
01.01.2003;1;-0.2830658;0.23819475;12.72046484;0.34778445;0.718825219;0.699246619;0.415332192;0.47394733;88.05778526;93.04653608;-24.07728569;-18.20533779
01.02.2003;1;-2.698883;0.09669925;34.54465565;0.189213219;0.368649887;-0.071274169;0.152729317;0.216194283;42.60716152;66.74633636;-4.753266125;-10.18668331
01.03.2003;0;-1.9820709;0.009090245;17.63807661;0.147057737;0.643637883;0.266903476;0.117950298;0.131901387;95.89511967;94.87041232;-19.72551335;-10.54044775
01.04.2003;0;-1.0311279;0.1680633;8.818411487;0.250990023;0.709222049;0.499867741;0.214349564;0.327328908;98.25400708;82.23108907;-16.93751989;-8.882955063
01.05.2003;0;0.5586548;0.18260323;29.46892124;0.174094731;0.204854477;0.254688332;0.110589536;-0.007875667;114.1996683;109.6764962;0.044543225;2.550887117
01.06.2003;0;-0.24380493;-0.009187713;115.6534904;-0.073363483;0.330140794;-0.078978969;-0.0322343;-0.240328943;240.2400762;188.2874624;65.84154337;33.33343376
01.07.2003;0;-0.25793457;0.18172805;177.4285359;0.097579483;0.076041519;0.291795633;-0.036831998;-0.075449412;256.4961649;221.4936881;91.08440573;35.93182194
01.08.2003;0;-0.26696777;0.28679308;89.11183634;0.204394764;0.197152524;0.356314702;0.114220884;0.130589842;89.11409228;117.4239202;6.461597423;-14.56770057
01.09.2003;0;0.40594482;0.532051;90.52072818;0.460084018;0.512686169;0.406046847;0.341563408;0.310441873;144.7424587;144.9299768;-8.230968694;-13.91188006
01.10.2003;1;-0.65075684;0.8797448;23.9951846;0.828347794;0.735707933;0.787176369;0.757545628;0.687271392;76.36213365;77.24387317;-37.59911186;-23.41034995
01.11.2003;1;-0.92832947;0.50199234;-101.1302805;0.534680594;0.776537973;0.513287744;0.479585575;0.31158099;-158.9923291;-142.2581746;-95.2445408;-74.15364194
01.12.2003;1;-0.75260925;0.5715816;-38.30591699;0.64972884;0.527317366;0.666733468;0.555233558;0.522106743;11.79378548;9.032467757;-61.1388977;-43.3312421
01.01.2004;1;-0.50413513;0.5782442;-42.68061676;0.689011429;0.850284285;0.519367561;0.547434709;0.574005634;-1.662300519;-7.637176512;-35.02140618;-5.725358263
01.02.2004;1;-1.8443298;0.5993017;-19.91545234;0.738952627;0.829948679;0.533216288;0.53389293;0.531414597;41.65730415;11.98912218;-29.51263586;-12.80791757
01.03.2004;0;-1.0357513;0.51147413;13.68698169;0.648052678;0.751777723;0.573949778;0.512997749;0.660948085;24.94454608;40.18073249;-11.04756321;-10.05917302
01.04.2004;0;0.34121704;0.4139617;-16.21870968;0.488963644;0.264297984;0.372590208;0.300394441;0.385687189;-69.65610571;-36.36058746;-10.61275865;-7.332882118
01.05.2004;0;0.37402344;0.3378601;-73.20188274;0.33087795;0.544294478;0.365806633;0.226658024;0.353442013;-186.1891088;-145.9214055;-29.97630345;-3.358825511
01.06.2004;0;0.06484985;0.21659335;101.0349857;0.181910851;0.664582461;0.4372594;0.243951677;0.232745097;30.0532291;50.65997716;114.8645754;61.22272593
01.07.2004;0;0.07095337;0.13565718;260.6913515;0.032314108;0.683006804;0.24632784;-0.01624485;0.040143745;181.9606507;207.5974314;290.2979584;182.5421228
01.08.2004;0;-0.021759033;0.12964126;-43.65385477;0.023995768;0.211918854;0.013075338;-0.104198396;-0.075820752;-149.6612422;-117.318657;7.901057792;9.900296664
01.09.2004;0;-0.81359863;-0.037364766;-113.1278859;-0.127197925;0.113490772;0.111471306;-0.044264626;-0.023913568;-179.4011963;-186.1984892;-58.98384121;-12.194826
01.10.2004;1;-1.0002747;0.29356337;-100.472476;0.203406602;0.41153611;0.251198037;0.262030386;0.119896748;-119.9026182;-119.8726654;-79.18949213;-23.19390589
01.11.2004;1;-2.1738586;0.6748456;136.9908493;0.685469007;0.833550919;0.72117495;0.54920045;0.602176738;108.7139946;114.6391476;134.1265727;36.73337079
01.12.2004;1;-0.51148987;0.7468792;84.67002428;0.79820439;0.648967094;0.798048074;0.575800984;0.570208549;9.768958892;22.61766733;104.1429879;77.74357431
01.01.2005;1;2.2555542;0.32978842;-26.58073575;0.388719506;-0.097581696;0.392918273;0.340188016;0.429780249;-143.359257;-114.8701161;-1.213935646;5.096546853
01.02.2005;1;1.9979706;0.6082269;-101.7532125;0.652437413;0.724091267;0.576618014;0.571812886;0.662992054;-226.6200356;-202.1005406;-55.56363463;-7.432610575
01.03.2005;0;-1.1075592;0.8265564;-54.02163033;0.928054718;0.966269598;1.018640611;0.859545084;0.898996522;-129.3265534;-118.7202966;-58.25078342;-20.97199202
01.04.2005;0;-0.9277954;0.86656356;-20.63622878;0.893665961;0.749409144;0.69975747;0.840499542;0.795226287;-82.06980862;-51.85437521;-28.8167627;-11.75014749
01.05.2005;0;1.226654;0.9566977;14.3206185;0.955101532;0.720268005;0.877241784;0.856565883;0.892452817;-43.6121942;-17.97624086;6.811134583;-3.646133951
01.06.2005;0;0.6277771;1.028151;33.1469423;0.965905236;0.813337766;0.774751786;0.768947915;0.819880313;-6.673260496;-3.509543681;35.15300975;1.869882655
01.07.2005;0;-0.22781372;1.1383601;-68.98901091;0.996940095;0.719091895;0.67357054;0.702225847;0.747517408;-81.24330016;-85.44774655;-51.84459389;-52.20811623
01.08.2005;0;-0.11224365;1.0071787;-124.187386;0.875286325;0.707910476;0.609788924;0.780347656;0.750982851;-107.5161974;-145.5855653;-65.92897885;-15.41231811
01.09.2005;0;-0.16012573;0.7925908;-79.75444334;0.665150114;0.333999232;0.58027481;0.723092631;0.73963896;-64.26589845;-90.28197155;-48.07949836;-9.328179899
01.10.2005;1;0.31704712;0.36863554;23.05223313;0.277471373;-0.176994143;-0.063622838;0.260131689;0.304985754;79.9350384;70.29679242;-8.772703335;-9.429095999
01.11.2005;1;-0.10546875;0.45158517;-53.66678497;0.44818968;0.169531348;0.016908577;0.333051821;0.326775122;-80.71166926;-71.13630172;-73.53397394;-90.23138421
01.12.2005;1;1.3127594;0.6270551;-136.5353632;0.639124067;0.223981394;0.83355877;0.684154053;0.712089486;-220.6394843;-199.3172122;-103.3430027;-55.11740423
01.01.2006;1;4.3345947;0.56345916;-132.5952288;0.603355908;0.484861267;0.627640512;0.627343298;0.749439434;-282.0316397;-237.4563155;-75.15463262;-5.093051716
01.02.2006;1;0.95666504;0.5931442;-71.55525605;0.663494131;0.526512331;0.405270401;0.557351918;0.840892858;-225.004281;-184.4851977;-30.52683088;-7.334518755
01.03.2006;0;0.3908081;0.6653976;-88.91175794;0.784081433;0.94400869;0.760682641;0.652417381;0.766380963;-254.5726856;-215.8523733;-51.29218364;-18.05311327
01.04.2006;0;1.8986206;0.8616743;-168.4473125;0.939414822;0.844273984;0.918781716;0.756378671;0.830936151;-307.4749585;-263.6960412;-108.975831;-17.36423501
01.05.2006;0;0.9329529;0.7617403;-329.1145767;0.767202073;0.764798405;0.818348787;0.647260824;0.829074176;-535.2452587;-489.4347083;-210.2652427;-35.98237922
01.06.2006;0;-0.29016113;0.81697786;-353.3962263;0.743320254;0.452534334;0.854897324;0.601938325;0.721317308;-472.5227815;-439.4466029;-278.4622117;-141.1177678
01.07.2006;0;-0.2720337;0.7014518;-388.1231755;0.552280524;0.689967969;0.444622612;0.489893813;0.571340523;-486.6627927;-465.9669967;-312.94766;-118.4666499
01.08.2006;0;-0.71759033;1.0477034;-135.8841534;0.889857571;0.503063634;0.755491935;0.732385602;0.848292626;-176.8836714;-180.4006265;-79.54866699;-12.57739208
01.09.2006;0;0.06726074;0.789347;-70.42503719;0.691753645;0.713597837;0.79619562;0.661583584;0.853643562;56.24759743;6.458627858;-36.51698625;-6.444215158
01.10.2006;1;0.46383667;0.6653336;31.1245072;0.611177099;0.743110388;0.685361912;0.569738169;0.663200866;94.05499985;91.78540117;-13.37042869;-11.62327516
01.11.2006;1;1.057251;0.67880034;-246.1941346;0.689641592;0.533258529;0.731686382;0.632241047;0.615414581;-291.2225656;-283.6509053;-233.7366108;-87.41880012
01.12.2006;1;-0.19169617;0.25743228;-146.2703331;0.307068275;0.257407952;0.373601214;0.213813244;0.206744237;-232.7852369;-216.7718408;-77.32629257;-11.9506836
01.01.2007;1;-0.08862305;0.35835573;-107.6190054;0.436807611;0.016459891;0.413527177;0.382605369;0.400126597;-238.5969026;-211.4907444;-39.28640528;1.381696907
01.02.2007;1;1.9462738;0.41593772;-36.63891968;0.508413812;0.88725063;0.524681498;0.449748423;0.533592358;-153.7845734;-116.4443883;-11.35855413;-3.936720878
01.03.2007;0;0.4504242;0.32162958;-116.9025297;0.422494559;0.470954807;0.383561969;0.429954326;0.576353624;-258.8124196;-215.7725177;-59.97987729;-3.350752595
01.04.2007;0;2.2212524;0.4316337;-66.63450537;0.47911671;0.096736203;0.641774569;0.509315934;0.565588228;-190.9358665;-163.8951533;-29.77978923;-1.832348501
01.05.2007;0;-0.46368408;0.37736094;8.930867136;0.365618032;-0.00644511;0.480881914;0.393661249;0.407512776;-69.3748399;-59.91906338;30.78309043;23.32722858
01.06.2007;0;-0.1149292;0.46449387;82.25002563;0.368718871;0.303638575;0.446112134;0.474522677;0.4796466;75.90975814;64.42483651;84.68736137;45.97821748
01.07.2007;0;0.12664795;0.8571818;-121.1640741;0.715806354;0.472917983;0.77743795;0.527530122;0.634433619;-89.6580011;-114.3368123;-110.0277637;-63.12898511
01.08.2007;0;0.8491516;0.51906025;-47.3926736;0.288620231;0.206292398;0.435620935;0.395369033;0.467600166;17.59016966;-23.48090672;-31.96354032;-8.547904368
01.09.2007;0;1.6742554;1.1218797;-39.30501323;0.877678638;0.868268469;0.825509927;0.945268368;0.98553649;10.00772337;-16.57451655;-26.06026717;-3.444268324
01.10.2007;1;2.9719849;0.89452815;-148.6152207;0.693807429;0.558978839;0.761081947;0.697313342;0.849693042;-119.7496919;-121.2316043;-108.5466436;-6.746197206
01.11.2007;1;1.4901428;1.1265241;-2.856884148;0.994877947;0.823533481;1.125054966;1.004059505;1.034576333;-2.998861717;-0.820736666;-19.56038131;-17.76759582
01.12.2007;1;2.3865814;0.687353;66.30856926;0.613992272;0.307113817;0.624467168;0.689212639;0.683521478;36.12287229;47.11486607;80.32190169;68.47930502
01.01.2008;1;-0.8694;0.3287996;-51.48487044;0.297797926;0.421321499;0.33812394;0.394377934;0.194035929;-49.85046952;-56.72206995;-16.06841036;3.530338809
01.02.2008;1;0.37852478;0.30959612;-63.97773576;0.300296112;0.239264711;0.342718327;0.335864547;0.183073112;-48.02130162;-68.01956519;-30.3266482;-1.473583738
01.03.2008;0;-0.14053345;0.33876535;-30.02659172;0.352994925;0.285433319;0.444425482;0.437322908;0.323058713;1.228633652;-19.84545354;-12.32306873;2.972437795
01.04.2008;0;0.6576843;0.291097;3.686273674;0.274249922;0.382436579;0.523223835;0.332034831;0.323107367;-19.05802119;-17.25229885;7.237921428;1.927971894
01.05.2008;0;0.29785156;0.6396902;-16.47299664;0.605442053;0.72798918;0.66168704;0.509474846;0.550829793;-55.14717121;-48.00729292;2.473927598;-7.090534967
01.06.2008;0;0.023376465;1.1207198;16.43524297;0.987198296;0.970044458;0.953373173;0.843962095;0.745581676;25.81546793;6.899252588;24.67957317;16.19757513
01.07.2008;0;0.05529785;0.7866905;-15.45149281;0.567094133;0.443019729;0.568554267;0.386553136;0.403470027;32.75084035;12.88739473;-16.52292467;1.139483484
01.08.2008;0;0.031982422;0.6681691;-46.34717576;0.448208986;0.410063661;0.436203683;0.295413508;0.383455465;-0.905404825;-43.08026165;-34.61941717;-5.161860382
01.09.2008;0;0.7996216;0.37630618;-23.54578856;0.166301797;-0.100323055;0.151614309;0.035905936;0.068849166;-100.3149226;-104.8098769;-8.176069067;-0.56661781
01.10.2008;1;-0.027923584;0.38236862;-22.23261076;0.192193652;0.244056648;0.228501944;0.065026932;0.146309935;26.84317512;17.32178095;-14.03435717;-0.514826065
01.11.2008;1;0.88119507;0.50566626;104.7948572;0.382337541;0.231511026;0.483822848;0.316072134;0.382905297;128.1326242;125.3923111;83.94222289;-29.36663559
01.12.2008;1;0.91400146;0.50435674;87.59344382;0.431754861;0.243480144;0.462358684;0.368629693;0.420588724;55.3840323;63.14216559;88.49904764;35.08486366
01.01.2009;1;1.8245697;0.3744895;49.49018085;0.341032966;0.192002389;0.52163218;0.378694025;0.441452754;17.65384838;38.82668557;30.44235962;8.97001902
01.02.2009;1;0.2516327;0.3373345;66.24585211;0.307742087;0.866117731;0.335806829;0.294343049;0.293426809;35.76862803;65.07001574;35.78073817;6.022929645
01.03.2009;0;-1.4964142;0.22443606;55.03437629;0.247692393;0.490136488;0.329237154;0.234486274;0.270012829;95.79503522;104.8415617;28.46083202;4.795845186
01.04.2009;0;-1.5665131;0.20524354;114.3590198;0.190429565;0.490995875;0.254606945;0.198728521;0.134589776;151.3905842;146.9482564;54.11756998;5.65385677
01.05.2009;0;0.13827515;-0.23783726;155.3865948;-0.271312176;-0.34170022;-0.192670376;-0.193854393;-0.365252686;180.9564311;183.1613442;104.5845941;29.36037322
01.06.2009;0;-0.18795776;-0.17266849;144.9476387;-0.272038401;-0.309184461;-0.070316501;-0.097254786;-0.164244375;196.2746559;169.155368;129.3158953;97.70460374
01.07.2009;0;-0.18780518;-0.061411574;82.60622251;-0.209613106;-0.533984479;0.072636872;-0.12369805;-0.092162136;159.8578639;123.441969;99.01426717;126.9018069
01.08.2009;0;-0.005462647;-0.33731127;-20.36026752;-0.54109644;-0.499484746;-0.256356462;-0.45785783;-0.489082649;100.7451463;44.66230677;-13.94598325;8.583010267
01.09.2009;0;0.5118103;-0.63832957;-7.399648497;-0.820096016;-0.835632864;-0.717169967;-0.678781371;-0.682625774;78.93408247;41.26722144;0.918255392;2.339913878
01.10.2009;1;2.3161316;-0.10430755;-79.93753066;-0.280672051;-0.139489415;-0.207891111;-0.193969513;-0.251789895;-177.0856985;-153.2042045;-53.09742889;0.347711646
01.11.2009;1;1.341217;-0.2986129;-122.5826114;-0.35205053;-0.696369527;-0.250322442;-0.236104126;-0.323246966;-134.7063344;-134.8409718;-87.51925083;-49.4252986
01.12.2009;1;1.6276093;-0.31410453;-76.23477804;-0.318625842;-0.252387985;-0.200446189;-0.118363878;-0.149442894;-132.5045619;-122.5177856;-56.81805498;-47.77288135
01.01.2010;1;-0.5311279;0.064735994;-28.11420823;0.085637048;0.372531564;0.166672977;0.199431822;0.279959741;-97.26458752;-76.92840159;-2.317483169;-3.149562484
01.02.2010;1;1.3583984;0.261086;-17.746601;0.280757855;0.516637911;0.259556964;0.33312742;0.386206343;-120.4197201;-90.97836792;2.3741343;2.190705645
01.03.2010;0;1.0245209;0.34413487;69.64747848;0.423492619;0.195358285;0.269453968;0.300626754;0.412092076;54.38495348;74.03377991;37.2373663;4.782492823
01.04.2010;0;1.8197937;0.38022965;23.97869673;0.406444262;0.475186428;0.528322673;0.463757742;0.624317633;58.25018092;57.13089686;8.079601491;-6.75973716
01.05.2010;0;1.3381653;0.84181154;-94.42475566;0.823810253;0.811244183;1.038806841;0.837910519;0.902465821;-161.1935242;-138.176575;-61.85507175;-19.71000035
01.06.2010;0;0.21386719;0.91089404;-219.0935905;0.848002329;1.026463231;1.077535853;0.840012686;0.915437362;-269.516917;-261.3991317;-199.5388847;-137.4470799
01.07.2010;0;-0.07788086;0.55272126;-233.2607898;0.378519169;0.532753859;0.519819889;0.355563389;0.441038734;-257.1222876;-250.4009078;-196.6751246;-123.3535933
01.08.2010;0;0.365448;1.3060561;-51.89952267;1.009935082;1.084951178;1.140380384;1.001923435;1.050318712;-118.2109373;-94.73742959;-24.97310986;-0.584764664
01.09.2010;0;1.0797424;1.3083361;1.149622944;1.086221265;1.117576114;1.192729362;1.019284596;1.056278544;39.90360636;22.61882086;8.762043785;5.054975422
01.10.2010;1;1.2008362;0.90927994;-130.5330215;0.726729102;0.706907162;0.974373429;0.682397632;0.754195414;-89.70923533;-96.57344476;-88.55015095;2.623061819
01.11.2010;1;0.4927063;0.7434118;-277.0045334;0.640767247;0.502247599;0.832885774;0.728982319;0.788819394;-283.6989199;-280.6590541;-276.1155438;-118.4882372
01.12.2010;1;-0.07437134;0.8581399;-280.5081908;0.806112482;0.965696442;0.974498909;0.903200121;0.973329449;-280.1083498;-276.3792686;-327.92881;-269.2821445
01.01.2011;1;1.1209412;1.0494726;-180.5543348;1.007175857;0.906075995;1.066151639;1.082503358;1.035386711;-232.4300444;-220.2264675;-179.534775;-132.4342687
01.02.2011;1;1.8207245;0.68266696;4.084024627;0.664622636;0.555375335;0.637356776;0.547177979;0.592757279;-87.46952573;-62.55266229;3.688537474;-16.89133506
01.03.2011;0;2.5839844;0.457439;44.38756877;0.484963642;0.031436328;0.298012128;0.427399233;0.49640132;-46.55464956;-25.36073464;35.75843728;9.059021036
01.04.2011;0;0.7202759;0.19228423;54.8940698;0.147703844;-0.262809344;0.168279297;0.138152246;0.144503576;-36.83901361;-14.20638016;50.24566028;14.74624438
01.05.2011;0;0.4802246;-0.12823302;-35.59837518;-0.233876229;-0.048474307;-0.160731925;-0.074129428;-0.165505;-63.30638782;-57.31351107;-9.242852473;9.299602408
01.06.2011;0;0.44299316;0.001075149;-163.5335154;-0.198725794;-0.202148786;-0.250370167;-0.141530689;-0.245911981;-161.5715293;-166.1632811;-130.4031609;-21.68535642
01.07.2011;0;0.2651062;-0.053350285;-194.1970899;-0.339207538;-0.706792201;-0.38929631;-0.233780058;-0.261496945;-133.1442084;-165.6276638;-172.1035126;-48.2173369
01.08.2011;0;0.71243286;0.20023014;-22.94210639;-0.1803621;-0.476308862;-0.10405898;0.026257617;-0.049914263;40.20576338;-7.805717058;-22.36897826;1.860364188
01.09.2011;0;0.6565857;-0.13806838;10.09001063;-0.480999213;-0.488115211;-0.389618348;-0.417703747;-0.329516828;-21.64776143;-37.11525278;15.5217014;7.909611806
01.10.2011;1;1.326355;-0.105510324;-79.65270514;-0.403184482;-0.460026976;-0.227037792;-0.37009889;-0.410985005;-93.52636251;-105.5429082;-25.11453718;9.417032819
01.11.2011;1;0.82974243;-0.28832957;-189.8192964;-0.455055967;-0.343164179;-0.148546268;-0.283495864;-0.304266527;-183.4677307;-184.802785;-156.6015911;-82.00826518
01.12.2011;1;1.8301697;-0.4141967;-144.612522;-0.541024758;-0.313413567;-0.290595071;-0.374710866;-0.371031641;-179.0723426;-171.7767921;-101.1584424;-29.00004731
01.01.2012;1;2.8325043;-0.23279649;-39.69084337;-0.326596943;-0.118008567;-0.242884951;-0.21636561;-0.196243364;-91.50882869;-77.64117713;8.539770294;13.62223662
01.02.2012;1;2.6921997;-0.10090074;-145.2684673;-0.174496349;0.027275755;0.002017374;0.020950071;0.097579749;-212.7056215;-192.227741;-97.01396903;-11.82080354
01.03.2012;0;1.148407;-0.05644934;-48.68959799;-0.087643211;0.231573883;0.106597661;0.061836708;0.02931382;-60.51501864;-80.83226899;-9.375591027;7.865097346
01.04.2012;0;0.7846985;0.26187918;1.429696792;0.172817785;0.237660604;0.218335161;0.229041607;0.127947583;-47.17126946;-42.29922861;18.94704128;8.803172904
01.05.2012;0;0.49664307;0.3933464;-131.3927252;0.29032388;0.36313276;0.370704574;0.399293441;0.431376488;-182.5819859;-165.7718705;-86.16937243;-22.33453817
01.06.2012;0;0.43399048;0.8640495;-375.7666312;0.717828613;0.908618423;0.872315991;0.875492341;1.016713868;-377.1704968;-373.5542677;-310.4816976;-93.35750972
01.07.2012;0;0.71450806;1.312758;-367.6377736;1.072829298;1.108148691;1.319965152;1.066567124;1.18267946;-362.0746265;-372.4784505;-292.2161105;-88.96778333
01.08.2012;0;0.81396484;1.1360258;-26.2445707;0.828322632;0.946048996;0.934721516;0.777151607;0.759514235;-42.23568384;-52.02671124;-6.982912586;4.888921379
01.09.2012;0;1.9806519;0.95399505;14.64625292;0.613094423;0.589509811;0.605815662;0.608594643;0.623997267;-145.7347584;-35.11625519;26.17483856;10.79239658
01.10.2012;1;1.8748474;0.6840918;-195.7757046;0.410759572;0.43806456;0.445320436;0.356342601;0.342400162;-318.1195364;-309.235961;-123.8444835;-2.937699248
01.11.2012;1;2.7381592;0.50083363;-419.9750675;0.339756641;0.318954944;0.367975677;0.432272088;0.314053589;-522.4424043;-512.6497485;-326.0355257;-76.36753158
01.12.2012;1;1.632431;0.26274937;-119.6975115;0.162937429;0.178611571;0.200718627;0.255574655;0.186558375;-161.6740724;-156.2105963;-68.56325933;-5.749627903
01.01.2013;1;2.9099426;0.087969705;-10.02355225;-0.021102521;0.205429266;0.078490393;0.216309591;0.212726962;-101.3121351;-71.89610391;26.58568979;19.86360043
01.02.2013;1;-1.2479095;-0.02708748;40.42212665;-0.089497108;0.997736268;0.335394133;0.180844959;0.156568716;-11.89789618;8.292928592;45.84316884;15.87957727
01.03.2013;0;1.50354;0.1938757;90.61640542;0.185986406;1.02984227;0.536500464;0.400767409;0.523995847;63.13775419;85.09537525;58.15483877;10.84010624
01.04.2013;0;1.158081;0.23144102;88.68121651;0.186582116;0.47789341;0.360706305;0.376937068;0.336777455;59.30524734;77.99949619;55.0543008;13.11266149
01.05.2013;0;-0.43481445;0.21209405;76.37579713;0.089906535;0.315626948;0.052536928;0.084962679;0.15732474;33.70083175;52.22994665;67.29535213;26.25475926
01.06.2013;0;-0.23968506;0.19932061;95.51513619;-0.032786025;-0.445185493;-0.189431406;-0.200234604;-0.097855223;55.6133323;89.42257257;96.81088045;61.84781679
01.07.2013;0;-0.08755493;0.26832515;-193.5960653;-0.081165501;-0.159688917;-0.482955594;-0.189622151;-0.3120697;-308.1266243;-274.5099073;-151.9117445;-49.52941962
01.08.2013;0;-0.021972656;0.14644958;-16.59887419;-0.22976431;-0.274281981;-0.318966777;-0.224107395;-0.267083091;-190.2706742;-119.763698;0.017126954;7.636102147
01.09.2013;0;0.79345703;0.13197912;31.20624342;-0.22200309;-0.425070737;-0.102006955;-0.0940189;-0.081343449;-264.0586842;-87.44927685;40.27832126;13.68102879
01.10.2013;1;0.049835205;0.42906478;28.59758796;0.193553128;0.559662675;0.423082928;0.477365299;0.45233035;-36.36500165;-7.298215087;27.34991715;10.47805135
01.11.2013;1;0.13665771;-0.076408535;72.94795173;-0.203816674;0.121043917;-0.025549518;0.051176963;0.003862229;128.9358356;114.1207005;67.74041245;37.48280456
01.12.2013;1;2.2457428;-0.29061624;233.6515805;-0.364314085;-0.413958831;-0.153635828;-0.121680233;-0.205302698;261.8604225;254.6903181;205.6350218;117.2501089
01.01.2014;1;2.2630768;-0.44370902;72.73084856;-0.50092681;-0.217926599;-0.238338471;-0.380205304;-0.433721008;84.11370655;85.25312025;68.63717296;24.60040919
01.02.2014;1;3.5475311;-0.48069048;-32.10999247;-0.520973109;-0.075074298;-0.260807346;-0.368568311;-0.438421804;-48.36929113;-28.10242658;-11.14909622;15.41595694
01.03.2014;0;3.1339264;-0.580859;44.42714369;-0.583168293;-0.397109982;-0.275895159;-0.393623126;-0.380115917;33.75237289;42.82240298;44.14074993;21.29270823
01.04.2014;0;0.9764404;-0.4920211;113.4033626;-0.551377749;-0.682494102;-0.483194466;-0.567914689;-0.558480344;127.9973662;123.2378681;84.7019947;24.73336913
01.05.2014;0;0.2831421;-0.21760479;133.5522667;-0.296233641;-0.501693271;-0.288161088;-0.341151322;-0.296476444;167.2953622;167.1007047;85.88987757;28.87271979
01.06.2014;0;-0.06942749;0.20413779;26.95884886;0.067890084;0.321557847;-0.028556953;0.037036599;0.133682646;67.84272162;48.72141586;18.3474129;28.35945659
01.07.2014;0;0.024993896;0.5413135;-116.0790244;0.278955168;0.495859558;0.061446988;0.073202781;0.14115546;-4.561704326;-58.08888151;-149.5380752;-53.01986184
01.08.2014;0;0.55426025;0.6650951;74.29231973;0.322806426;0.369195678;0.250848152;0.233390409;0.319920476;236.3317868;155.5623546;39.21786699;10.82530238
01.09.2014;0;0.4580078;0.010006115;131.0890884;-0.283385065;-0.309621811;-0.216063175;-0.27302482;-0.269142534;252.1375951;198.1069181;91.56491655;17.30045817
01.10.2014;1;1.3218384;-0.4339135;210.7740199;-0.691822791;-0.434944298;-0.625082431;-0.603299894;-0.718142555;354.0744178;324.9087637;134.4485164;21.36762851
01.11.2014;1;0.35775757;-0.49290347;243.7206669;-0.62664491;-0.066680357;-0.513740485;-0.630904952;-0.665582656;338.8371992;319.2895676;177.5560889;52.57279195
01.12.2014;1;1.378128;-0.6746607;278.8447899;-0.760853589;-0.434129769;-0.624736547;-0.630464442;-0.645605171;316.0564465;308.3117516;241.0748391;130.4831134
01.01.2015;1;0.7549896;-0.6673703;198.7896594;-0.750923417;-0.896144878;-0.774404759;-0.699544356;-0.684388989;257.1332342;254.1436725;134.3628869;32.91685829
01.02.2015;1;0.95628357;-0.54762304;173.5554881;-0.607970447;-0.96181629;-0.636918563;-0.579922359;-0.527003783;219.3792258;226.6414971;113.1151937;23.90040444
01.03.2015;0;1.8361816;-0.7546829;50.61654811;-0.778825865;-1.080591613;-0.771102105;-0.718600611;-0.736618591;15.14585787;16.38459706;56.48145436;21.97792612
01.04.2015;0;2.1442566;-0.6762633;-25.41493507;-0.763086939;-1.005907175;-1.012546475;-0.889133429;-0.929282888;-55.18093858;-54.98486883;12.71596005;19.15709101
01.05.2015;0;-0.8106384;-0.6230571;15.02296324;-0.760771095;-0.66320905;-1.143650287;-0.911697141;-0.933549066;2.583869353;10.95579567;28.06654428;23.92478925
01.06.2015;0;0.2234497;-0.6646155;26.42577129;-0.90964294;-1.099855122;-1.430069302;-1.02908706;-1.086474498;56.81982166;49.54455717;25.72023449;54.22751793
01.07.2015;0;0.32022095;-0.90524143;185.6489261;-1.162439945;-1.17508129;-1.374656484;-1.276057928;-1.297744937;276.8870811;236.1111508;172.4376671;146.6710406
01.08.2015;0;0.3781128;-0.981865;105.1103075;-1.31725201;-1.188829201;-1.403278668;-1.343782003;-1.413640211;166.653757;124.5044885;96.34323709;26.86103155
01.09.2015;0;0.07009888;-0.9885901;79.7139234;-1.271605606;-1.036778895;-1.296915677;-1.243338659;-1.256381326;162.3835146;100.6223623;74.93205579;20.22373754
01.10.2015;1;1.2816467;-0.83815753;1.304201932;-1.092018106;-1.106419519;-1.076011115;-1.099380203;-1.091872921;35.07983318;13.61396203;16.14570717;18.83351092
01.11.2015;1;0.4203186;-1.0336423;118.4774828;-1.180719701;-1.309279679;-1.176470754;-1.175386923;-1.151588101;151.6797188;136.6940889;130.6291327;100.8953282
01.12.2015;1;-0.29553223;-1.1844903;59.02086997;-1.283389425;-1.236894867;-1.240088922;-1.271855646;-1.275052603;65.54344994;55.38328396;82.96732919;65.92530844
01.01.2016;1;4.302948;-1.1203027;2.32073604;-1.181625084;-1.425009959;-1.211577761;-1.185669659;-1.122314684;-18.31427312;-10.05917561;21.8407918;24.88164211
01.02.2016;1;4.2424774;-0.96052265;-58.72109782;-1.014069252;-1.264213538;-0.970818554;-0.969054184;-0.873290955;-100.432562;-91.78094455;-10.99777348;22.05620083
01.03.2016;0;2.7195587;-0.8664985;-64.37264952;-0.848903247;-1.012807679;-0.984098034;-0.732103726;-0.778204527;-127.9585725;-118.3431465;-8.023313397;23.68287801
01.04.2016;0;1.744751;-0.603452;-82.74365696;-0.66261126;-0.695647983;-0.782604318;-0.872669241;-0.736782784;-159.5126427;-144.8657641;-8.238278273;25.90294348
01.05.2016;0;1.987915;-0.2059482;-226.2335556;-0.31413505;-0.547315038;-0.54858106;-0.536417477;-0.412089303;-332.526536;-311.5969669;-130.9492684;-2.433205862
01.06.2016;0;1.109314;0.12650253;-296.7432683;-0.047762108;-0.027822412;-0.093012547;-0.103780135;-0.049482426;-344.5741923;-335.5937212;-199.6102305;-26.89754468
01.07.2016;0;1.0547485;0.13989;-214.1646121;-0.177163206;-0.214320717;-0.149819352;-0.016297788;-0.109684775;-304.3469701;-269.5675607;-115.0336013;4.773415957
01.08.2016;0;0.7534485;0.21235813;45.25080651;-0.175503093;-0.384983333;-0.059056733;-0.084112153;-0.094173705;5.278909509;29.187143;36.02919507;17.76788794
01.09.2016;0;1.4137878;-0.3999253;79.3854749;-0.763418176;-0.785942079;-0.581642215;-0.524177654;-0.504303185;48.0268503;41.99391924;69.02859179;22.26396808
01.10.2016;1;3.1194153;-0.5700263;-145.2315197;-0.912194173;-1.026588009;-0.904818891;-0.733995898;-0.618228522;-201.7940583;-211.2564001;-51.93617773;15.01763428
01.11.2016;1;5.55484;-0.12413332;-511.2129988;-0.40609728;-0.89648853;-0.508983259;-0.069724734;-0.15504892;-650.8208751;-636.7967443;-351.0931321;-90.44744384
01.12.2016;1;3.9862518;-0.11803466;-152.5315279;-0.327264866;-0.596645736;-0.38496364;-0.212052663;-0.388196927;-206.8112038;-195.5607201;-107.6695947;-38.04330732
01.01.2017;1;3.0637817;-0.25285575;-12.6733865;-0.43247819;-0.520152634;-0.477344515;-0.320103957;-0.395464535;-48.58627475;-40.8186492;17.36259869;26.36663432
01.02.2017;1;2.1208038;-0.22893885;3.962451254;-0.390584817;-0.695100534;-0.51474463;-0.195719759;-0.318606003;-79.82226755;-58.21422031;52.39582035;25.13886001
01.03.2017;0;2.418335;-0.3350784;11.37417895;-0.435925381;-0.718751527;-0.424140849;-0.171139839;-0.332917143;-60.55736023;-34.4937295;34.06613682;16.51896882
01.04.2017;0;1.5258484;-0.23009628;143.6470541;-0.399505689;-0.361636031;-0.394838726;-0.195008956;-0.238412701;198.7171056;196.4745922;95.97053791;27.45375659
01.05.2017;0;-0.04751587;-0.2557466;184.4944897;-0.414903818;-0.308109192;-0.307659913;-0.24600759;-0.273081692;255.1963507;234.7491478;116.3724526;23.1070983
01.06.2017;0;0.55023193;-0.40209636;-1.496554721;-0.574989906;-0.23345544;-0.490943434;-0.539647008;-0.479390174;67.72371489;42.79029708;-26.35538701;-50.94148902
01.07.2017;0;0.289917;-0.48873213;-40.02444752;-0.760559125;-0.678362486;-0.56382859;-0.561874532;-0.569037841;28.17547471;17.66487526;-58.0987243;-89.4814269
01.08.2017;0;0.10159302;-0.29326886;88.988276;-0.68493771;-0.622667147;-0.599136586;-0.684013175;-0.441208223;156.8258465;137.9235383;60.77653197;19.09677167
01.09.2017;0;0.5551758;0.17617954;102.7949865;-0.226984671;-0.253813495;-0.220448438;-0.340176596;-0.050117717;89.99151089;63.11435567;87.10994372;25.76731243
01.10.2017;1;1.4499207;0.08337031;-26.45364882;-0.281055925;-0.394455278;-0.302858212;-0.253456681;-0.180880416;-51.4053875;-63.0724229;5.953289965;23.3887381
01.11.2017;1;1.4675598;0.1797706;49.21745363;-0.062135517;-0.187125795;-0.107458326;-0.116644967;0.164965712;87.11480375;72.46697855;72.38402252;55.79249252
01.12.2017;1;3.02063;0.4766818;8.810302354;0.291167253;-0.0432726;0.31411184;-0.008915679;0.37535421;-11.09425565;-6.642755381;28.19194341;54.21520203
01.01.2018;1;2.2870178;0.26466924;-7.465482736;0.071078768;-0.255816997;-0.014188957;-0.085853784;-0.108669971;-72.69961208;-60.27771178;36.3837129;32.86762781
01.02.2018;1;5.3699036;0.004587084;19.40164391;-0.171864564;-0.792684244;-0.248252436;-0.114234507;-0.168661077;-45.11704215;-23.03480521;50.99755235;31.61830634
01.03.2018;0;1.0622711;-0.03791231;100.2336036;-0.159895194;0.288790965;-0.172239613;0.088691957;-0.220665693;81.96958334;81.525596;102.218985;28.56894791
01.04.2018;0;1.0322876;-0.21961948;153.2921039;-0.403426653;-0.354679686;-0.431131963;-0.144563761;-0.392548715;143.8343235;146.7889088;125.7449203;34.0944842
01.05.2018;0;1.2649231;-0.6699538;193.7260818;-0.879597941;-0.922093396;-1.062541812;-0.692232573;-0.790415301;147.8170455;152.4502655;175.8152723;60.77326178
01.06.2018;0;0.18759155;-0.72988147;158.9294962;-1.00066652;-0.954558062;-0.894731645;-0.696108074;-0.889815603;105.1410286;98.96196611;175.4674385;109.1751522
01.07.2018;0;0.076660156;-0.6437832;212.2243476;-1.033189925;-0.805623398;-0.989323961;-0.894721903;-0.996650168;166.6867246;155.8411429;246.6105311;166.0606755
01.08.2018;0;0.4333496;-0.5833181;86.36111769;-1.127243676;-1.008819238;-1.187258255;-1.32053563;-1.148247206;-48.61676549;-19.07012326;68.06379078;22.86774438
01.09.2018;0;0.99346924;-0.48214093;114.3137148;-1.005159071;-0.806229384;-1.191440799;-1.276993601;-1.213458718;29.55137636;26.77385994;92.23805087;28.01586068
01.10.2018;1;3.6891174;-0.40651146;22.01382935;-0.846543947;-1.202148292;-1.192815506;-0.853648284;-0.874209642;-90.33954627;-61.45456286;52.75414292;26.88422497
01.11.2018;1;0.8739319;-0.41735086;245.1487058;-0.678972017;-0.535753683;-0.847213736;-0.779623657;-0.624862073;271.9255654;247.1659724;251.1705502;169.5615447
01.12.2018;1;1.0237427;-0.3434655;53.2345128;-0.493055336;-0.64146164;-0.813241054;-0.655605675;-0.422953617;29.15810497;22.41253033;90.09170729;98.43676845
01.01.2019;1;-0.14047241;-0.067018;138.2947044;-0.212702745;-0.244622838;-0.30238086;-0.408029379;-0.295982855;123.0988728;123.1225866;121.5630733;34.45077978
01.02.2019;1;0.7552185;-0.04472126;134.443662;-0.1538886;-0.311820779;-0.186935331;-0.438963284;-0.330784118;108.667792;115.6858977;115.4857826;33.42583149
01.03.2019;0;0.9350891;-0.2092284;158.4591968;-0.261435103;-0.685057271;-0.217913165;-0.340348253;-0.23395898;118.102604;128.7661489;131.5124965;32.43879468
01.04.2019;0;1.5921936;-0.3466828;90.12292256;-0.475569649;-0.615876307;-0.600939492;-0.302353505;-0.418507017;58.27947871;62.74236999;93.55994438;32.09072674
01.05.2019;0;2.3833618;-0.31975418;23.7289841;-0.448327196;-0.192822453;-0.228789754;-0.269456708;-0.29275011;20.24142025;18.19341213;20.19775353;0.883456283
01.06.2019;0;0.8432007;0.12667228;-41.117243;-0.079283959;0.122329292;0.126895055;-0.258194893;-0.026165474;20.93979278;-13.6737324;-60.13950673;-15.93845979
01.07.2019;0;0.5300293;0.653906;-68.69664511;0.374521799;0.612724013;0.677060904;0.573473571;0.500037432;34.27593576;0.173279744;-62.64124722;40.53317933
01.08.2019;0;0.85046387;0.3921566;110.2987093;-0.031979436;0.13987383;0.104580853;0.031271952;0.134506023;202.0450588;170.6778758;69.20888222;26.20758942
01.09.2019;0;1.667633;0.24202807;138.2960352;-0.230328213;0.022992809;-0.106996073;-0.097428897;-0.053544522;152.9453916;126.8757693;102.8727933;30.9554282
01.10.2019;1;2.331665;0.0950342;-50.00373511;-0.258279303;-0.293731197;-0.278889135;-0.277923267;-0.245283625;-45.94277712;-61.49844004;-31.24252904;16.22260109
01.11.2019;1;1.6199951;0.06903125;-100.7430788;-0.161207425;-0.085674511;-0.144429625;-0.234608831;-0.260155702;8.065329339;-15.49344442;-137.8131481;-36.30456719
01.12.2019;1;1.7579956;-0.016619936;135.4918757;-0.176850555;-0.300195822;-0.16249943;-0.082875029;-0.133143871;182.2314499;166.7987759;86.42928752;7.765675782
01.01.2020;1;0.38520813;-0.14535922;189.225426;-0.307551006;-0.294601417;-0.195514015;-0.262852038;-0.261714444;209.9409229;206.576924;132.6542011;37.13637134
01.02.2020;1;0.79634094;-0.24874309;185.3800657;-0.381791899;-0.589459568;-0.229063602;-0.327947148;-0.437158965;183.2250959;192.6230289;138.8988564;35.69388612
01.03.2020;0;0.072052;-0.41871437;178.5756518;-0.477750168;-0.386430798;-0.298458746;-0.573062416;-0.522981747;203.4092411;208.6169413;129.7432068;35.38739758
01.04.2020;0;2.3256836;-0.31380662;85.60550716;-0.437483508;-0.848544347;-0.483010614;-0.5866663;-0.460639695;129.9946093;127.3491778;59.73105896;24.71064275
01.05.2020;0;2.2322693;-0.22226459;-102.8458539;-0.344936594;-0.46309232;-0.204356148;-0.251460628;-0.244002277;-75.10711105;-80.88527855;-85.82485165;-38.17417054
01.06.2020;0;0.847229;-0.14429113;-194.5410622;-0.369774836;-0.406813653;-0.246596094;-0.311505982;-0.242462991;-127.9471327;-143.8336289;-185.7258434;-74.56640943
01.07.2020;0;0.71972656;-0.012352213;-113.3908703;-0.401425743;-0.356981254;-0.458083367;-0.378652;-0.365342508;-66.6062597;-87.55015575;-102.281271;13.93766119
01.08.2020;0;1.5185547;0.25408202;119.3419064;-0.285828806;-0.0762916;-0.388965285;-0.158102753;-0.290486817;27.27814302;90.52712314;73.99034329;27.72791835
01.09.2020;0;2.366394;0.3225277;156.4536807;-0.168859593;-0.458528086;-0.330047919;-0.143244389;-0.306428053;-36.43950127;128.522901;112.5167668;33.75511731
01.10.2020;1;3.562378;0.26861858;-79.29594049;-0.171293156;-0.114385329;-0.261721208;-0.249315217;-0.335315474;-192.299691;-181.6297723;-33.85916197;21.41867516
01.11.2020;1;4.5496216;-0.25172433;-226.8606751;-0.543317373;-0.998670549;-0.569266994;-0.521623161;-0.597597468;-266.6105506;-275.7612806;-160.4432697;39.44952107
01.12.2020;1;2.5868988;-0.15060833;-18.181802;-0.368552142;-0.408815975;-0.598769543;-0.475349858;-0.622325259;47.86604728;31.9682495;-21.56439654;23.13418659
01.01.2021;1;2.7480774;0.13653366;81.17153324;-0.071303137;0.029993395;-0.177750655;-0.119208259;-0.27147356;105.6188588;106.6447955;67.33965142;28.67603988
01.02.2021;1;2.5942535;0.28575557;205.3391417;0.100970535;0.482582258;0.071216943;0.099906636;-0.017214211;238.8064149;240.234581;151.9211988;36.54698058
01.03.2021;0;0.0811615;0.1538998;242.018846;0.051616767;0.224723986;0.013268226;-0.00986204;-0.048155511;302.5833959;309.8656693;153.3699724;37.77224198
01.04.2021;0;1.6459045;0.29586542;87.2219066;0.115745004;0.360736325;0.227225424;0.183227908;0.106061759;86.80137005;85.85327798;69.25927855;24.15784402
01.05.2021;0;1.4812622;0.32653946;41.76437228;0.152193477;0.091606927;-0.022474859;0.105853879;0.079346579;49.23194536;53.02084719;24.29831083;-10.96639783
01.06.2021;0;0.59069824;-0.066376716;-34.95493436;-0.333320042;-0.320950999;-0.41107311;-0.28176582;-0.302301461;13.05391148;9.884418958;-34.42186454;-26.7359287
01.07.2021;0;0.09094238;0.25414994;-13.28441862;-0.061951761;-0.082838485;-0.124184115;-0.068619959;-0.060716182;29.6142248;29.4591719;-39.61955169;-33.06488722
01.08.2021;0;0.60180664;0.5019076;135.3300698;0.010643008;0.043441368;-0.071680277;-0.032439791;-0.208667746;149.0906932;149.3749396;91.23222354;30.81635685
01.09.2021;0;0.70736694;0.6450304;159.9452575;0.188157747;-0.083351855;0.002704572;0.089784849;-0.15092997;55.4391574;92.21485169;123.1735212;36.62052966
01.10.2021;1;1.081665;0.59019053;-47.21710722;0.160247579;0.037321317;0.004397295;0.006584146;0.034163791;-58.61609218;-65.09185044;-17.03316177;21.74641559
01.11.2021;1;0.52978516;0.48874363;-89.93221628;0.207977042;0.394766587;0.081255439;0.044944996;0.091519492;-15.06494577;-37.59345759;-116.1697238;-84.48289871
01.12.2021;1;0.5394592;0.44131297;60.58818744;0.214605878;0.254994308;-0.01322085;0.095434045;0.15689546;131.4723682;111.5584171;-10.29891958;-118.3137676
01.01.2022;1;2.1341858;0.2074319;267.2977007;0.020873962;-0.022232224;-0.195361687;0.006002678;-0.027723718;366.1516268;346.6503065;160.1757995;33.96737644
01.02.2022;1;3.6029053;0.11642957;249.7255102;-0.073187307;-0.364917632;-0.214232921;-0.115686676;-0.227184693;403.3288093;364.6194818;164.5595254;43.98124457
01.03.2022;0;2.857132;-0.18877584;189.7217461;-0.30861657;-0.579144109;-0.468919976;-0.417971113;-0.551571943;298.1466313;264.1024882;141.3084598;42.35524127
01.04.2022;0;-2.7129822;0.020323917;255.9994014;-0.183774492;0.203053066;-0.196983145;-0.142554429;-0.210378532;337.8091748;326.0869675;168.9811682;40.94458067
01.05.2022;0;0.5899658;0.15095265;260.5157823;-0.052688014;-0.241571358;-0.118846439;-0.016742913;-0.164223936;377.4720013;362.2537162;170.5933192;37.80443146
01.06.2022;0;0.9658203;0.07080905;11.02613531;-0.20515631;-0.460255179;-0.37122651;-0.156019412;-0.352450912;51.73413824;48.90371572;-20.0576186;-46.28776772
01.07.2022;0;0.6956787;0.25200176;-1.487626141;-0.190024832;-0.201037267;-0.309385447;-0.065797245;-0.053302543;49.34987411;62.85073257;1.598547613;-39.28488842
01.08.2022;0;0.8388977;0.7881941;157.59886;0.15557476;-0.045179743;0.000726069;0.265877148;0.072584604;255.8304428;237.4215353;119.3166427;33.79215277
01.09.2022;0;1.2163696;1.4323668;175.3516616;0.876524987;0.870340066;0.672904986;0.814318787;0.597345938;281.5620629;241.1879405;135.5321588;39.59022746
01.10.2022;1;2.7555237;1.135511;-5.361140321;0.660695578;0.484523298;0.503240621;0.506393308;0.422333916;18.95829329;-2.994459768;36.44735584;40.03577435
01.11.2022;1;1.3195801;0.22262363;-11.57982566;-0.07573575;0.536516506;-0.209032398;-0.174986685;-0.264646445;74.74888107;47.87296298;-15.16154866;-10.67804574
01.12.2022;1;2.7620544;0.07779734;-19.61621482;-0.152206717;0.113432891;-0.144662179;-0.057113195;-0.21656128;59.43717202;39.7421011;-24.49799406;-12.90266254
